200.0, 200.0, 200.0, 200.0, 200.0, 200.0, 200.0, 200.0, 200.0, 200.0, 200.0, 200.0, 200.0, 200.0, 200.0, 200.0, 200.0, 200.0, 200.0, 200.0, 200.0, 200.0, 200.0, 200.0, 200.0, 200.0, 200.0, 200.0, 200.0, 200.0, 200.0, 200.0, 200.0, 200.0, 200.0, 200.0, 200.0, 200.0, 200.0, 200.0, 200.0
100.0, 149.92866526675513, 169.62193191924743, 178.8443792780437, 183.85832324330767, 186.91704633135404, 188.94492877458748, 190.37056088288838, 191.4147038770089, 192.20123578479328, 192.80454309239607, 193.27172107826837, 193.63382897727303, 193.91198583396277, 194.120856404986, 194.27073384663066, 194.36882662109477, 194.42007154561264, 194.42765073676776, 194.39331334178274, 194.31755960785253, 194.19971864326897, 194.03793366783395, 193.82905473300653, 193.56842539542055, 193.2495334246146, 192.86347212032206, 192.39812140631966, 191.83689413890298, 191.156778662521, 190.3251930079925, 189.29473830579272, 187.99404035123024, 186.3108545544474, 184.05875493093265, 180.90603748368014, 176.2092932539098, 168.58145974375316, 154.6421456218666, 124.99742773521177, 50.0
100.0, 130.0928003708584, 149.71480689569336, 161.8974371682088, 169.67209264209947, 174.86520695047687, 178.49242790946553, 181.12297503210394, 183.0874246059196, 184.586140794687, 185.7456960144694, 186.64902545548756, 187.35215155243924, 187.893826332083, 188.30129648288897, 188.59386129724317, 188.7851245604172, 188.88444289689647, 188.8978587674685, 188.82868638083966, 188.6778484785012, 188.4440180592786, 188.12358889936144, 187.71047450846257, 187.19571139537246, 186.56681390729403, 185.8067876965154, 184.8926464690051, 183.793173567679, 182.46549168698397, 180.8496836954791, 178.8601105241315, 176.37091906219675, 173.1909313999191, 169.01839245674367, 163.3563214669941, 155.3498493761388, 143.47452677340053, 124.98977427792497, 95.34759698751921, 50.0
100.0, 120.72785308451299, 137.2472687354161, 149.35876548422573, 158.06778150664994, 164.3797190544883, 169.0371355396871, 172.5420941501785, 175.22655471375617, 177.31094675772496, 178.94387374048966, 180.22738596074353, 181.2328264070269, 182.01081475643903, 182.59762146243676, 183.0192998786394, 183.29440062081088, 183.43576701764266, 183.45171589725314, 183.34678972056238, 183.12219201515387, 182.77596920709976, 182.3029667693607, 181.6945585398508, 180.93811931356976, 180.0161767586834, 178.90513237647764, 177.57337235022524, 175.97848110468126, 174.06309520083357, 171.7486448228637, 168.9257431971622, 165.43916947711872, 161.0640652371531, 155.467995263894, 148.15136508938528, 138.3595381042118, 124.9772280798363, 106.49495362330092, 81.40323304986308, 50.0
100.0, 115.5715184504599, 129.18794510455754, 140.22298800147053, 148.8610768973115, 155.54939089331145, 160.735045724771, 164.78255676645352, 167.9666937386661, 170.48824675203414, 172.4925768921105, 174.08500325596677, 175.3422049747615, 176.32029492589146, 177.06043489393795, 177.59271767548807, 177.938845064753, 178.11396616278788, 178.12791994279536, 177.98604165184355, 177.68963379609707, 177.23616016080805, 176.61918873315594, 175.8280812766416, 174.84739919841599, 173.65596282036867, 172.2254589852079, 170.5184331814843, 168.48541745201766, 166.06082120893825, 163.15703304203095, 159.65593613138515, 155.39674597407685, 150.15886343790456, 143.63875626679422, 135.42209981966437, 124.96009806705021, 111.58017417587735, 94.60975054294903, 73.77044376085368, 50.0
100.0, 112.37050089125529, 123.71038353142372, 133.48469257154903, 141.60482081822522, 148.22253606266335, 153.5720485240334, 157.887470265075, 161.37061410700466, 164.18407946258915, 166.4545973656062, 168.27935310446338, 169.73228771741208, 170.86939166177115, 171.73283555537478, 172.35407332749958, 172.75611938688968, 172.95518585806929, 172.96182734581095, 172.78170085834296, 172.41601389250417, 171.8617047731706, 171.11137460075503, 170.15296743905037, 168.96917234501623, 167.5364950613318, 165.82391608195587, 163.7910127857918, 161.38537456743336, 158.53908248209166, 155.16396876030603, 151.14534950022292, 146.33402421862735, 140.5367723350386, 133.50682460464014, 124.93880603344525, 114.47907142285337, 101.77397415103712, 86.59364629619738, 69.06886820670611, 50.0
100.0, 110.20037522651096, 119.798853694444, 128.40121660788984, 135.8517919078181, 142.16486758278035, 147.44428791487513, 151.82596178446866, 155.4456583806319, 158.4244405494925, 160.86408586556752, 162.8473436093358, 164.4401224265854, 165.6941590599223, 166.64952933639427, 167.33677075932383, 167.7785728094466, 167.99106564981346, 167.98475945966769, 167.76518487622485, 167.33327408717992, 166.6855081349897, 165.8138412554618, 164.7053980756309, 163.34192398287024, 161.69895252587406, 159.74463624134643, 157.43816986364047, 154.72772115662008, 151.54778402838073, 147.8159024397022, 143.42882668960547, 138.25844471096985, 132.14844396351089, 124.91387625491063, 116.34798167902571, 106.24399809469462, 94.4434299923561, 80.92225059564736, 65.9114735474939, 50.0
100.0, 108.63246634640007, 116.88397407200964, 124.47027293914064, 131.23721144793035, 137.1420003177695, 142.21560841963992, 146.52794462986807, 150.16330011037783, 153.2057790932995, 155.73194781649056, 157.80793107459522, 159.48893565667757, 160.81993296004467, 161.83678087935496, 162.56740973707312, 163.03289502546215, 163.2483453564497, 163.22358588694325, 162.96363973669278, 162.4690165268093, 161.73581582546316, 160.7556480510617, 159.51536836609606, 157.9966115222461, 156.1751085727043, 154.01976149895933, 151.4914522528395, 148.541574624075, 145.11031230871566, 141.1247656223153, 136.49718873979893, 131.1238971420174, 124.88592258017349, 117.6533150893333, 109.29612151905377, 99.70619509196425, 88.83399050106598, 76.7407516327088, 63.65487954184185, 50.0
100.0, 107.44588024029359, 114.6349107297578, 121.35953508206217, 127.48585744198857, 132.95161394422206, 137.7497148697624, 141.90862555142792, 145.47572715341343, 148.50551525245064, 151.05224717920493, 153.16589887753088, 154.8902918359156, 156.26250948903117, 157.31300524612118, 158.06602899306912, 158.54015388139737, 158.74878325731476, 158.7005756624535, 158.39975810008028, 157.84631423276795, 157.0360414181748, 155.96047264189465, 154.60665914428495, 152.95680882254516, 150.9877762034498, 148.67040436512877, 145.96873139637887, 142.83909991917227, 139.22925766093374, 135.07762508414868, 130.31305389371826, 124.85563331607067, 118.61943859629058, 111.51854072816477, 103.47798505834004, 94.45144640567995, 84.44614329391767, 73.55222366096658, 61.96740979439427, 50.0
100.0, 106.51654965211279, 112.85092952096991, 118.84803961789179, 124.39626668168951, 129.43032856956825, 133.92469459525938, 137.88302436997512, 141.32758916188305, 144.29062732279093, 146.80812928480935, 148.9157941798527, 150.6466408726786, 152.02975599845215, 153.0897612878433, 153.8466988309894, 154.3161320631487, 154.50933374327312, 154.43348233758275, 154.09182046854968, 153.48374886470134, 152.60484092636375, 151.44676988935655, 149.997145100858, 148.23925817965335, 146.15174586677875, 143.70818664903686, 140.87666610449085, 137.61937608732512, 133.892361789834, 129.6456064609348, 124.823754279425, 119.36792101139194, 113.21921701677927, 106.3247570460865, 98.64693126802607, 90.1763233424071, 80.94753141548472, 71.05496405671215, 60.66266463808279, 50.0
100.0, 105.76983347419511, 111.40495807161938, 116.7864561612209, 121.82215094515789, 126.45031998590673, 130.63755118048437, 134.37327553062573, 137.6632975423988, 140.52381200396024, 142.97658459228654, 145.0454254691881, 146.75380183119586, 148.1233353055985, 149.1729299255947, 149.91831837717956, 150.37186591324325, 150.54251797175363, 150.43581428306942, 150.05391906673273, 149.39563561787122, 148.45638641962887, 147.22814902138558, 145.699345188523, 143.85468801111023, 141.67500054549475, 139.13703218521886, 136.21331776938317, 132.87215238551204, 129.07779513465755, 124.79107043283054, 119.97060561246975, 114.5750213844017, 108.56645490372082, 101.91579518282404, 94.60986071851923, 86.66032463119559, 78.11337039376872, 69.05784448442878, 59.62842435561993, 50.0
100.0, 105.1583066837344, 110.21341215968617, 115.07178667906848, 119.65697450416621, 123.9129551178482, 127.80390049578341, 131.31148098256767, 134.43101599239014, 137.16747469598812, 139.53192308540093, 141.53866858942092, 143.20312825477217, 144.54032977355433, 145.5639124208688, 146.28549489330717, 146.7142961178765, 146.85691972707934, 146.7172362910254, 146.29631696238025, 145.59238756250033, 144.60078399942407, 143.31389935258883, 141.7211212059694, 139.80876612720033, 137.56002789885105, 134.95496862298234, 131.97059862893096, 128.58111361933965, 124.75838655651921, 120.47284677471019, 115.69491574037608, 110.39719756585374, 104.55762238144601, 98.1636774876319, 91.21768627309169, 83.74275733166341, 75.78850857989534, 67.43505822229672, 58.7933380181063, 50.0
100.0, 104.6504943166157, 109.21944999391653, 113.63148891461694, 117.82251319155863, 121.7424450255465, 125.35573274580622, 128.6401335823129, 131.58447951600976, 134.18606549300446, 136.4481117832551, 138.3775536084342, 139.98325568102962, 141.27464980556135, 142.26074179337206, 142.9494148275724, 143.34695647453862, 143.45774592750104, 143.28405070914658, 142.82589473688253, 142.08097101755394, 141.04458203466626, 139.70959945548142, 138.06644274660033, 136.10308441307023, 133.80509869304996, 131.1557814600448, 128.13638248827743, 124.72650743221871, 120.9047653403581, 116.64975614722967, 111.94150647767755, 106.76346209705594, 101.10511665733745, 94.96527859188407, 88.3558288800265, 81.30558932864066, 73.86362321951876, 66.10100912150763, 58.110028292809105, 50.0
100.0, 104.22476314868081, 108.38330555382437, 112.41345741945334, 116.26073674020199, 119.88050035714846, 123.2386882293514, 126.31137676784805, 129.08352056015212, 131.54727634126286, 133.7002275308882, 135.54372124011292, 137.08143102510473, 138.3181848172772, 139.25905068433048, 139.90864852992644, 140.270646725877, 140.34740289993806, 140.13971320683706, 139.6466415475906, 138.86540780924537, 137.7913215924202, 136.41775494960865, 134.73615456461235, 132.73610091507817, 130.40542967308537, 127.7304392431439, 124.69621802692846, 121.28713540823152, 117.48755044138196, 113.28279937961993, 108.66052317958274, 103.61238222746533, 98.13616859528396, 92.23825594553703, 85.93621648327937, 79.26128654138067, 72.26020294640685, 64.99581923980048, 57.54593287666303, 50.0
100.0, 103.86582110794456, 107.67649495905545, 111.37960858209001, 114.92814258952143, 118.28214206019248, 121.40948320781887, 124.28581796063187, 126.89389771545666, 129.22251475637734, 131.26527707698614, 133.019379497101, 134.4844752095673, 135.66170139187898, 136.55287571164004, 137.15985737197488, 137.4840541451357, 137.52605237961663, 137.28534737619714, 136.76015468973804, 135.94728744603196, 134.84208988508965, 133.4384226975989, 131.728701222514, 129.7039932733441, 127.35418933959181, 124.66826416454573, 121.63465500836203, 118.24178764682371, 114.47878508876741, 110.33639399478449, 105.80815662584236, 100.89183752587053, 95.59107915826607, 89.9172054093711, 83.89101612985237, 77.54432786350185, 70.92093684404765, 64.07664649004806, 57.07805778922716, 50.0
100.0, 103.56261687368114, 107.07822416749661, 110.50169953582704, 113.79181303520669, 116.91252910269657, 119.83371350918354, 122.53126793383642, 124.9867972693497, 127.18695276020993, 129.12259422917023, 130.787891177571, 132.17944949870608, 133.29551794907545, 134.1353017583054, 134.69839157711212, 134.98430393098255, 134.992123054027, 134.72023181492554, 134.16612001247526, 133.32626055760977, 132.19604726401604, 130.76979171200728, 129.04078069283702, 127.00139994737438, 124.64333416126428, 121.95785726668278, 118.9362306455591, 115.57022915046579, 111.85281485895112, 107.77897454367996, 103.34672685022704, 98.55828670460775, 93.42134540491594, 87.95038454017488, 82.1678929586172, 76.10530654625732, 69.8034556111698, 63.31230524722065, 56.68983146264963, 50.0
100.0, 103.30703116314942, 106.57309489255235, 109.75855391545356, 112.8266633945635, 115.74459789485164, 118.48407598892047, 121.02157972948058, 123.33822241561165, 125.41935020671194, 127.25397197794402, 128.83410367440123, 130.1540960546455, 131.20999464821688, 131.99896227696524, 132.51877974311037, 132.76742983261988, 132.74276326680382, 132.4422419024163, 131.86275350467082, 131.00049307172856, 129.85090740625512, 128.4087019966544, 126.66791199020548, 124.62204187693982, 122.26428122230769, 119.58780609091986, 116.58617726565566, 113.2538463659618, 109.58677864694428, 105.58319551855594, 101.24442941923013, 96.5758674821152, 91.58793792631926, 86.29706515603183, 80.72648938156698, 74.90682063872023, 68.87618517297568, 62.67983587275545, 56.369147201786944, 50.0
100.0, 103.09303636268916, 106.14960353162061, 109.13419189480976, 112.01351234139614, 114.75732263032799, 117.3389724331074, 119.73565429072517, 121.92838629939658, 123.90177781790798, 125.64364070542726, 127.14450804852031, 128.39711411889746, 129.3958774749035, 130.13641679782447, 130.61511817678726, 130.82876403310675, 130.77422789232105, 130.44823553583717, 129.84719127345772, 128.96706771415006, 127.80335805416209, 126.35109119045539, 124.60491159975484, 122.55922762439963, 120.20843329398468, 117.54720975953, 114.57091241641226, 111.27604832931809, 107.66084502678846, 103.72590542431351, 99.47493394414843, 94.91550549570002, 90.05983217080998, 84.92546369592193, 79.5358398159207, 73.92060057385336, 68.11555999676881, 62.1622661341722, 56.10710941048314, 50.0
100.0, 102.91614483731132, 105.79914129471868, 108.6165553178763, 111.33772470245536, 113.93444299318887, 116.38143773789403, 118.65662712758964, 120.74116632145181, 122.6193147504078, 124.27816678935511, 125.7072911253104, 126.89832102512416, 127.84453099757042, 128.54042723742413, 128.98137132176058, 129.16324985126636, 129.08219751382745, 128.7343774482714, 128.11582063965315, 127.22232511659699, 126.04941564619918, 124.59236513637613, 122.84627977550231, 120.80625078598355, 118.46757625178873, 115.82605647942763, 112.8783654030768, 109.62249823931798, 106.05829150801111, 102.18800528016382, 98.01694886839233, 93.5541202547978, 88.81281703539642, 83.81116403715163, 78.57249248660938, 73.12550102564083, 67.50413373808962, 61.74712781757765, 55.89721461704262, 50.0
100.0, 102.77304240959268, 105.51532235023501, 108.19663526104678, 110.78825947103833, 113.26354366915133, 115.59833435260704, 117.77122686492113, 119.76364407895072, 121.55976291856169, 123.14631914883644, 124.51232519161678, 125.64873521723223, 126.54808798733904, 127.20415244316547, 127.61159512588583, 127.76568306190316, 127.66203124317326, 127.2964004734934, 126.66454911664655, 125.76214102420165, 124.5847114254959, 123.12769258604052, 121.38650132692011, 119.35669078075144, 117.0341687592092, 114.41548452265522, 111.49818425354248, 108.28123281502924, 104.7654951270568, 100.95426451233203, 96.85381765081128, 92.47396666347436, 87.82856913682637, 82.93594801227606, 77.81916723014102, 72.50610830337692, 67.02930004031415, 61.42547008664128, 55.73481273738365, 50.0
100.0, 102.66134582001348, 105.29353523829592, 107.86788099197655, 110.3570119916534, 112.73540222730347, 114.97976381380668, 117.06928838499137, 118.98573795389419, 120.71340023442863, 122.23893280370451, 123.55112512404098, 124.6406079926627, 125.49953757877896, 126.12127707592353, 126.50009421910347, 126.63088828820531, 126.50895623720007, 126.12980448893039, 125.48901075892455, 124.58213893051533, 123.4047093318311, 121.95222655466418, 120.2202669738698, 118.2046281253711, 115.90154181671227, 113.30795199618757, 110.42185670460944, 107.24271059612619, 103.77188030676817, 100.01313924884548, 95.97318129682877, 91.66212470309155, 87.0939692652652, 82.28696258465357, 77.26382699654512, 72.05179946836228, 66.68244433373914, 61.19121424328763, 55.61675774320341, 50.0
100.0, 102.57944767599591, 105.13065395919267, 107.6258146445242, 110.03837784431579, 112.34354741674653, 114.51865741380425, 116.54340272712624, 118.3999271429461, 120.0727830963317, 121.54878619745615, 122.81679190198582, 123.86742216789536, 124.6927676666693, 125.28608725681545, 125.64152198180176, 125.75383655631296, 125.61819760761165, 125.22999505721332, 124.58471099870091, 123.67783916898073, 122.50485747045187, 121.06125578866629, 119.34262134946758, 117.34478383978237, 115.06402222876142, 112.49733440488663, 109.64276911123815, 106.49981694044607, 103.06985310731713, 99.3566192149473, 95.36672432182009, 91.1101376553101, 86.60063706941611, 81.85617007785362, 76.89907976081153, 71.7561481051913, 66.45841635480042, 61.04075694414884, 55.541194310747535, 50.0
100.0, 102.52642769909201, 105.02487128939245, 107.46780598644872, 109.82899322484289, 112.08398991785664, 114.21051914349655, 116.18868884424063, 118.00106279903831, 119.63260174907538, 121.07050092669331, 122.30395354164398, 123.32386908583138, 124.12257201839728, 124.69350180486094, 125.03093043735709, 125.129709141186, 124.98505234614866, 124.59236430110013, 123.94711190906382, 123.04474633654198, 121.88067553447618, 120.45028980771895, 118.74904278159137, 116.772590323493, 114.5169899526614, 111.97896275567044, 109.15621853529456, 106.04784255229828, 102.65473847616163, 98.98011680443904, 95.03001095396303, 90.8137946619435, 86.34466489003799, 81.64004532042364, 76.72185866538325, 71.61661385905538, 66.355259435762, 60.97276913747011, 55.50745053118081, 50.0
100.0, 102.5020194483338, 104.97563494167234, 107.39298311811186, 109.72762706170697, 111.95510372626009, 114.05330428587203, 116.00267664318568, 117.78626144928448, 119.38958836311333, 120.80046703947771, 122.00870857966265, 123.00580993087536, 123.78462807907121, 124.33906453313692, 124.66377466754014, 124.75391157486087, 124.60491039164619, 124.21231657028564, 123.5716601183798, 122.67837720804869, 121.52778055703789, 120.1150803984795, 118.43545849481708, 116.48419832194556, 114.25687504374277, 111.74960897105156, 108.95938555633313, 105.88444325711862, 102.52472739512082, 98.8824030148274, 94.96241234924537, 90.77305270336802, 86.32653870284045, 81.63950001830861, 76.73335399560116, 71.63448538068626, 66.37416666946518, 60.988166593861926, 55.51602316626093, 50.0
100.0, 102.50662980581518, 104.98368146675284, 107.40227222142991, 109.73521701897516, 111.9576502253017, 114.04742642076567, 115.98529537578322, 117.75487640284703, 119.34247527181395, 120.73679293332319, 121.9285724570141, 122.91022268955177, 123.6754474646196, 124.2188999713567, 124.53587427321061, 124.62204034707618, 124.47322529388595, 124.08524124807994, 123.45375961935702, 122.57423129953219, 121.44185308518327, 120.0515815893073, 118.39819717256285, 116.47642176468383, 114.28109570360033, 111.80741967956077, 109.05126823437516, 106.0095806106999, 102.6808325059158, 99.0655877517182, 95.16712133256566, 90.99209379214987, 86.55124170373392, 81.86003017972565, 76.93919362022422, 71.81507442753093, 66.51966280214499, 61.09025167149369, 55.56865542973466, 50.0
100.0, 102.54141629339652, 105.05117646409084, 107.49857595090691, 109.8550575678846, 112.09495008193683, 114.19589438417636, 116.13896574693914, 117.90854333279263, 119.49199853177748, 120.879275023663, 122.06242270792544, 123.0351317963993, 123.79229744114889, 124.32963200132889, 124.64333237342669, 124.72980356979636, 124.58543628938415, 124.20643483308521, 123.58869171561062, 122.72770621863282, 121.61854558005285, 120.25584931417019, 118.63387918576922, 116.74661953633358, 114.58793489450876, 112.1517939483214, 109.43257074624543, 106.42543496905397, 103.12684254782002, 99.53513474108665, 95.65124664590971, 91.47951343992725, 87.02854308591836, 82.31209741432136, 77.3498912502391, 72.16818698877668, 66.80003977257287, 61.28505017129177, 55.66852109183684, 50.0
100.0, 102.60843664237139, 105.18198581437991, 107.68711896463427, 110.09316598096677, 112.37322172414754, 114.50458909352399, 116.46879741119886, 118.25129552311427, 119.84093867202975, 121.22937776563779, 122.4104340122005, 123.3795130831917, 124.13308806221613, 124.66826219182212, 124.98241083510376, 125.07289585354043, 124.93684318814617, 124.57097443046683, 123.97148456033003, 123.13396014987688, 122.05333482302677, 120.72388145843682, 119.13924350446835, 117.29251087331403, 115.17634923954772, 112.78319516666807, 110.10553316047526, 107.13627407971602, 103.86925649599362, 100.29989218390341, 96.42597181694894, 92.24863430259674, 87.77347979392127, 83.01176966643783, 77.98160660725802, 72.70892988464787, 67.22810899438122, 61.58189734816299, 55.82054626043467, 50.0
100.0, 102.71089852202033, 105.38212529657402, 107.9760144285183, 110.45887422586134, 112.80212053208132, 114.98269791160108, 116.98289477427976, 118.78974102443831, 120.39418485644536, 121.79020826562837, 122.9739882385577, 123.94316173398454, 124.69621594783321, 125.23200212874107, 125.5493589742435, 125.64682702449531, 125.52243546991622, 125.1735452024856, 124.59673538035686, 123.78772449308795, 122.74132060166596, 121.45139905314777, 119.91090966575555, 118.1119193610869, 116.04570072167593, 113.7028821666189, 111.07368141957173, 108.1482504581331, 104.91716642589823, 101.37210745050902, 97.50675208096493, 93.31793166752878, 88.80704038068798, 83.98166092357458, 78.85729050325318, 73.458953585899, 67.82238233429794, 61.99437103637265, 56.03192638958689, 50.0
100.0, 102.85355926610183, 105.6604715889779, 108.37714298895324, 110.96572484802394, 113.39553086373417, 115.64333028015281, 117.692771178112, 119.5332860604568, 121.15879901108238, 122.5664604934457, 123.75553699226334, 124.72650532654202, 125.48035197045837, 126.0180519129148, 126.34019207585129, 126.4467043109252, 126.336677606406, 126.00822535057863, 125.45838973640919, 124.68307101328406, 123.67697420627395, 122.4335703441472, 120.94507353451613, 119.20243985155147, 117.19539945461001, 114.91254013254922, 112.34146899043866, 109.46908944873849, 106.28204275580455, 102.76737541156656, 98.9135030132823, 94.71154097368512, 90.15705348224193, 85.25222037673728, 80.00832246032951, 74.44829083231821, 68.60886779630545, 62.54174015208096, 56.31293940692643, 50.0
100.0, 103.04336404802031, 106.0298779555006, 108.90749527281838, 111.63279160598907, 114.17268344615326, 116.50433967474513, 118.61386079403903, 120.49437317955218, 122.14404054589104, 123.56429083748662, 124.75838450113432, 125.73033780137519, 126.4841566723743, 127.02331560648156, 127.35041607923243, 127.46696852039938, 127.37325407617259, 127.0682340013118, 126.54948419850491, 125.81314003567948, 124.85384250186871, 123.66468160788685, 122.23713738286916, 120.56102359505668, 118.62444523178661, 116.41378869005716, 113.91377450538734, 111.10761719272168, 107.97735595365882, 104.5044431863595, 100.67070228036955, 96.45978529273467, 91.85926117434256, 86.86342325515413, 81.47678832810752, 75.71803498087193, 69.6237841572453, 63.25121676550707, 56.67823271173018, 50.0
100.0, 103.29048316749177, 106.50894531231503, 109.59122659035623, 112.48660623479597, 115.1596903199463, 117.58936650102876, 119.76609189816108, 121.68867383337025, 123.36128740023366, 124.79106849768908, 125.98634707943978, 126.95544398434355, 127.70590482463777, 128.24404440847024, 128.57469616586755, 128.70108685211585, 128.62478002855644, 128.34565006754622, 127.86186169618351, 127.16983931813576, 126.26421669853346, 125.13776218408027, 123.7812784896017, 122.1834802131242, 120.33085772126367, 118.20754415297527, 115.79521461075689, 113.07306508227754, 110.01794539862598, 106.60475734029181, 102.80727577623641, 98.59960262012852, 93.95850560378979, 88.86689402661902, 83.31858394721165, 77.32422252412356, 70.91769340285234, 64.16151425221594, 57.14890596725515, 50.0
100.0, 103.6100519540142, 107.12489881642975, 110.46283541345001, 113.56395521302903, 116.39159756158412, 118.92907949943762, 121.17443259827884, 123.13512621152024, 124.82375252396048, 126.25492098439749, 127.44323317301456, 128.40207967574057, 129.1430005374487, 129.67540075367563, 130.006470427164, 130.14120870636668, 130.08248724010423, 129.83111378192558, 129.38587249924953, 128.74352721432274, 127.89877944477368, 126.84417640993064, 125.56996644251656, 124.06390165272472, 122.31099146671609, 120.29321736953486, 117.98923101010182, 115.37407789117353, 112.41902146072559, 109.09159292134805, 105.35606592170635, 101.17465478463987, 96.5098516603522, 91.32841806490029, 85.60754646340422, 79.34344871336431, 72.56187516451553, 65.3286125964857, 57.75599712030137, 50.0
100.0, 104.02521650405566, 107.91840476914818, 111.5721492268797, 114.91590886269296, 117.91502305119803, 120.56250001245962, 122.86922122010904, 124.85563178620701, 126.5458454143456, 127.96396918574555, 129.13207847833343, 130.06927231849454, 130.79136894419491, 131.31094274353825, 131.63751602799886, 131.77779647439675, 131.73589992168087, 131.51352702069403, 131.1100780820405, 130.52269836801, 129.74624932151298, 128.77320191716888, 127.59344784862085, 126.1940237163664, 124.55874388551072, 122.6677408057069, 120.49691980197365, 118.01735271088904, 115.19466778236092, 111.9885520217421, 108.3525807720317, 104.23474481791351, 99.57927045067211, 94.33061112822264, 88.44074862617816, 81.88094177875966, 74.6583111015895, 66.83540099583944, 58.54657838330919, 50.0
100.0, 104.57275982133666, 108.95193005033232, 112.99224344818052, 116.61351735809981, 119.79130144886607, 122.53808948866006, 124.88592130610229, 126.87411172490984, 128.54197016199535, 129.92512547288038, 131.05407062805406, 131.95391676815132, 132.64472271707317, 133.14203991167432, 133.45748496052812, 133.5992509055759, 133.5725208644819, 133.37977338164617, 133.0209795691515, 132.4936949563512, 131.79304772104717, 130.91162166964017, 129.8392280335152, 128.56255550835408, 127.06468363542857, 125.32444168586224, 123.31559575822942, 121.00585493573669, 118.35571081810014, 115.31717759069505, 111.83260620941408, 107.8339449349202, 103.24316366806416, 97.97510782827896, 91.94480096623498, 85.08196550266689, 77.35553116688244, 68.80840260999835, 59.595011538180145, 50.0
100.0, 105.3142012048939, 110.32481788917923, 114.83207580895208, 118.7555017606657, 122.0996428133432, 124.91387524975775, 127.26366730026436, 129.21448294337063, 130.82450157049385, 132.14232831215662, 133.20711892838537, 134.0496664923324, 134.69372489839614, 135.1572495736261, 135.4534397507581, 135.59155987370363, 135.57755475894143, 135.41448356734352, 135.1027963197617, 134.6404706310211, 134.023018575083, 133.24336522555623, 132.29159163247806, 131.15452561153793, 129.81515348489398, 128.25181481586662, 126.43713096308582, 124.33660943912102, 121.9068659050522, 119.09342838300549, 115.82816380442631, 112.02655451691587, 107.58546114220707, 102.3828194752817, 96.28217516015476, 89.1472068464141, 80.87388696160056, 71.44792938139348, 61.02514842001669, 50.0
100.0, 106.35949188860073, 112.20149774090993, 117.25633815080158, 121.47752914426029, 124.93880529289868, 127.75516174445912, 130.04159046074238, 131.89698409171558, 133.40068091439946, 134.61413674143333, 135.5840828004464, 136.34567001838263, 136.92510614893087, 137.34170790994062, 137.60943540207683, 137.7380090363941, 137.73370116143806, 137.59987492327613, 137.33732248129905, 136.94443671359272, 136.41723517115204, 135.74924141660307, 134.93121580350714, 133.95071387419296, 132.79143441522143, 131.43229921392341, 129.8461810806582, 127.9981645736487, 125.84318587008985, 123.32286099984196, 120.36129712954595, 116.85974864445757, 112.69027083374324, 107.68935606936016, 101.65454983528852, 94.35132716097951, 85.54525643983409, 75.08450272806137, 63.05772272723836, 50.0
100.0, 107.92248833276702, 114.86570158441893, 120.51474422179024, 124.96009756996737, 128.42364088464743, 131.1272511861921, 133.25153957733937, 134.93228176642336, 136.2683023793859, 137.33074945316355, 138.1707848731406, 138.82527982293362, 139.32084336679821, 139.6766187439756, 139.90620970707053, 140.01900078249543, 140.02105283086956, 139.91569467299746, 139.70388887226713, 139.384419651904, 138.95392880194495, 138.40680775907865, 137.73493800912314, 136.92725505258352, 135.96909072918538, 134.84122142912395, 133.5185111437651, 131.96798210986702, 130.14606333750464, 127.99464817340919, 125.43542856971303, 122.36177793090872, 118.62731073202288, 114.03046061601216, 108.29589721796808, 101.05872888994358, 91.8716174653943, 80.28728497855651, 66.12129608488763, 50.0
100.0, 110.46493345159925, 118.82435814520375, 124.97722778979508, 129.42496729882322, 132.6690001623001, 135.07934836609564, 136.9058110710469, 138.31316220526966, 139.41043775974777, 140.2707871066496, 140.9441069291372, 141.4649597185906, 141.85755923465993, 142.13894862614512, 142.3210548124532, 142.41203070010658, 142.41713391158405, 142.33929308686024, 142.17945325409914, 141.93675410374544, 141.60856966461967, 141.1904189743037, 140.67574086324694, 140.05550869075805, 139.3176394091912, 138.44612127522174, 137.41973917271852, 136.21020488372466, 134.7793831188163, 133.07511073722168, 131.0247821243229, 128.52533060750653, 125.42735229582945, 121.50980584483993, 116.44028289833453, 109.71641096188318, 100.59543919416687, 88.0718647969717, 71.1402190522913, 50.0
100.0, 115.1130140067112, 124.98977414563024, 131.1451218597041, 135.0938978216362, 137.74846939575968, 139.61582443257666, 140.97975215835737, 142.0047370487991, 142.79017479091743, 143.39858183952552, 143.87067088529176, 144.2337100056122, 144.50633930572644, 144.7014472675869, 144.827941600914, 144.89186473925457, 144.89710467744487, 144.8458444525725, 144.73883326881224, 144.57552662961268, 144.35412019026603, 144.07148589882814, 143.72300532289174, 143.30228077869725, 142.80068681487012, 142.20669845781447, 141.5048914686611, 140.6744414279804, 139.68682983627662, 138.50225202119793, 137.06382374063026, 135.28791477965308, 133.0474035079335, 130.1415035576782, 126.23932612552326, 120.77143250606964, 112.72203322658984, 100.2646150564783, 80.36774366483938, 50.0
100.0, 124.99742770162229, 134.87672846934686, 139.51975914457154, 142.0572484234235, 143.61541348597288, 144.65602690518637, 145.3929738595009, 145.9362331850522, 146.34735049881067, 146.66313367742686, 146.9067520933846, 147.09336261305822, 147.2331552022251, 147.33309270921023, 147.39794804330626, 147.43094225443582, 147.43414417745836, 147.40872009236244, 147.35508323981236, 147.27297109830602, 147.16146484502775, 147.01895606944203, 146.84305802576193, 146.6304506022793, 146.37663781688724, 146.07558134584684, 145.7191488976402, 145.29627392233743, 144.7916469901331, 144.18361549523402, 143.44068318523927, 142.51540197122802, 141.33310604130077, 139.76970194676986, 137.60426815491755, 134.40810087142557, 129.2567452432653, 119.89687521258288, 100.06615471935557, 50.0
150.0, 150.0, 150.0, 150.0, 150.0, 150.0, 150.0, 150.0, 150.0, 150.0, 150.0, 150.0, 150.0, 150.0, 150.0, 150.0, 150.0, 150.0, 150.0, 150.0, 150.0, 150.0, 150.0, 150.0, 150.0, 150.0, 150.0, 150.0, 150.0, 150.0, 150.0, 150.0, 150.0, 150.0, 150.0, 150.0, 150.0, 150.0, 150.0, 150.0, 150.0
